{"cameraMode":{"drawMode":0,"name":"Shaded","section":"Shading Mode"},"sceneLighting":false,"audioPlay":false,"sceneViewState":{"showFog":true,"showMaterialUpdate":false,"showSkybox":false,"showFlares":true,"showImageEffects":true,"showParticleSystems":true},"in2DMode":false,"pivot":{"x":10.784703254699707,"y":13.341541290283204,"z":-67.69090270996094},"rotation":{"x":0.501933753490448,"y":0.012972623109817505,"z":-0.007529566530138254,"w":0.8647764921188355},"size":205.10488891601563,"orthographic":false}