{"cameraMode":{"drawMode":0,"name":"Shaded","section":"Shading Mode"},"sceneLighting":false,"audioPlay":false,"sceneViewState":{"showFog":true,"showMaterialUpdate":false,"showSkybox":false,"showFlares":true,"showImageEffects":true,"showParticleSystems":true},"in2DMode":false,"pivot":{"x":0.13789062201976777,"y":0.3774000406265259,"z":-0.1930571049451828},"rotation":{"x":-0.04473085701465607,"y":0.9225533604621887,"z":-0.11264509707689285,"w":-0.36634179949760439},"size":3.975393295288086,"orthographic":true}